epoch,train_loss,val_loss,val_acc,activation,init,bound,act_mean,act_std,frac_zero,grad_norm
50,2.4924572967529297,2.302767784881592,0.0963,relu,naive_uniform,1.0,219.96276585374855,1716.6585477011072,0.7731189197964139,0.004393638670444488
50,4.576609740447998,2.577529975128174,0.0963,tanh,naive_uniform,1.0,0.11282346247591907,0.8958897060818143,0.0,0.5490172710708066
50,2.3026815963745118,2.3028044242858887,0.0963,relu,naive_uniform,0.005,4.521896724478563e-41,0.0,0.6890633636050754,0.004393092542886734
50,0.2922511482715607,1.101980860900879,0.726,tanh,naive_uniform,0.005,-0.09245762394534217,0.2720722967965735,2.6490953233506943e-08,1.1936865825206042
