epoch,train_loss,val_loss,val_acc,activation,init,act_mean,act_std,frac_zero,grad_norm
50,0.115238021337986,0.9433906360626221,0.7859,relu,he,0.08399351955287987,0.28312547587686115,0.8011581367916532,1.0280650246888399
50,0.2979825056552887,0.9021251453399658,0.7623,tanh,xavier,-0.14523098188348943,0.7080875982840856,0.0,1.0297101443633436
