epoch,train_loss,val_loss,val_acc,activation,init,act_mean,act_std,frac_zero,grad_norm,stopped_early,best_val_loss
9,0.43866833963394164,0.6591029155015945,0.7799,relu,he,0.10783375882440144,0.28281530406739974,0.7183416154649522,0.63544462043792,True,0.6591029155015945
15,0.5499441569328308,0.7423767462730407,0.7487,tanh,xavier,-0.10443525104266074,0.6725056270758311,0.0,0.5068679485470057,True,0.7423767462730407
